0.20672071049097007,0.6995915391343271,0.3542397870839584
1.0932637386131363,-2.0712927680881124,0.9318337990660264
0.2538900451548461,-1.5557650806217644,-0.8285936733404238
0.1722049040812179,0.2163234233616094,-0.5836493708947411
1.0726634686166832,-0.6565613933358526,-1.640120865404963
-1.23157738852121,0.12016664044019282,1.7280518467855848
1.2510643376799486,0.12638058545871897,0.4858645863903816
-1.3681203252332645,1.4246858793783603,1.5484226894421207
0.5231687189218802,-0.3657053285178313,-1.1025329054922077
1.0926148250908976,-0.35181478419385986,-1.9671279559418637
0.2966531525234756,0.28547700333193243,1.3763442384545639
-1.2931113450010334,0.3945488165310275,0.16008743989080332
0.263305633779441,-0.7584162558823837,-1.2850971609104025
0.7040652887328289,1.464853464510992,-0.2958640330463724
0.2948622823999992,0.5828035031826106,-1.7851807640817072
0.6760748587116523,2.346648398760703,0.5601320295123842
-0.08389272479849028,-0.3175645469300979,1.3834954614064987
-0.06354483431432295,-0.5578872176167683,-0.863719344790298
1.809777892254251,0.025496372876956722,0.7537731732963168
-0.784112573825949,1.3762052645366736,0.11984255636178458
0.3672808463139072,-0.6794243924389137,-1.4654759476753736
-0.2521610950513168,1.5018441018357558,-0.2133671433202597
-0.2702113633936124,-0.10938024844467607,0.16030866708249228
-0.13318825962661268,1.6494539477926144,0.2875788519177615
0.02649276894929059,0.46504585385408026,-0.9614243637876668
-0.3714698928900021,-1.3627860864994563,-1.749530485627611
-0.14047257320713502,0.45785174509435084,0.21193056589308834
-0.1024537340940982,-0.8245022817999956,1.0430450804847866
-0.604378059768915,0.3475035137232086,-0.5384554976828676
0.877776832806285,0.6397745864145664,0.23229332127570956
-0.43154415653830186,1.1420557188453135,-0.37223156661463036
1.5659447151792343,-0.021568092024972455,-0.9482323821048835
0.14945925099160456,0.08784451236827145,-0.46051187884304556
-0.10014690527386516,1.46929886968008,-0.8559220381007988
0.1522746369757345,1.7096351347155783,0.09587337245746233
-0.22910877071717317,0.5828771765179048,-0.33485477872538366
1.37172062160934,1.0042349694716173,-0.2729143964816049
0.6837359926102747,-0.0010312721668850867,-0.48499923653842064
0.39899949409193175,1.2389945861348488,0.8278168125422128
0.28788600905899897,1.1397994156788624,0.5380015871418328
1.2504080209851107,0.42748884997402975,0.7124664311202998
-0.639608293985547,0.18691122805568272,0.3068150350328285
-1.119351470862113,1.692760924816705,-2.4461713666087412
0.6881119090740261,2.017813700867243,0.5107505333822965
-1.0320838864522985,-1.9825552315939068,-1.892676865158388
1.5176599383915315,0.2439322377377408,-0.45475950555417394
0.11996947261184403,-0.8443815053347221,-1.025005211884693
-0.29655856187776075,0.04769306166438381,-0.9716186402796071
1.4406585575745827,-1.5091818426440085,-0.7296568229827317
0.41707083928561905,0.5285946301903139,-0.44540874009414017
-0.5474292875844392,-0.843984457570161,-0.12133054791079034
1.4030622497063472,0.7157102921842387,-0.08435294425805721
0.8257668568935446,-0.24970809691951365,-0.3382922999588618
2.004050081541487,-0.3842215689961505,-0.27686147272798095
0.2247566570399057,2.254311815045884,-2.2433519942423166
0.8180039215938135,-2.4039659497497654,-1.448715042331137
0.40541198068010137,-0.5103257967660438,-0.8225181847019832
1.037170256384904,1.0322464967150509,1.1864471672929278
0.6526332623635775,1.7160724199908168,0.03418298939237887
0.08255146911177678,0.4193177845872125,0.3195299807664622
-0.21647820576822455,0.055763079768230875,1.7537284657875507
0.7125936002087482,-0.8123876038424913,0.26538142551132854
-0.22156697684186957,1.136795679360323,1.466239838016486
-0.4540307438083827,0.47538966308594566,0.9959449777206764
-0.3611042509610062,-1.7808809384919495,-0.14728516894031124
0.04785145412283532,-0.9334064082641296,1.1356565735055053
-0.5029255668638363,0.02115304779341826,-0.9492236906560282
-0.38933015009963373,-0.314850324914167,-0.7721756286725776
-0.6596228576193723,-0.7750354209320532,-0.4803585283177498
-0.340013736178341,-0.670018559577984,0.5425947759771604
-0.2672612878240821,0.6195271032920333,0.502007225285693
1.2256464748493598,0.053279595242005234,0.6398101697115154
1.8452483605217955,1.2556057234307643,0.44950859718189456
-0.8686089605710684,0.18397260138185526,-0.0033502441626504
-1.8143825350258291,0.6609332278599476,-0.8257601268769525
0.1016505510398226,-0.4516156703957966,1.2813671068431856
-1.5816742670837838,1.701876472889666,-0.8037194765134693
-0.20825634742665713,0.3935293379033889,-1.2150249087785003
0.9206695678797914,-1.2282014191776878,0.13600866167297718
-0.5063295441099119,0.30410904729065047,-0.3616848582038532
0.1965687771294316,-1.910995275998062,-0.3030581984964045
0.03437327694584323,-0.04829368585629747,0.26299599782878186
-0.7662029506699601,1.0627836297188868,1.135865328361098
-0.46514630122304795,-0.14466991819425404,0.28919814376628417
-0.9089785406829997,1.0960037981935642,-0.6959676858609328
-1.2664338393601626,1.1264521761991901,-0.22497950535732164
0.6591752736886795,-0.19043728804586885,0.4641164592892394
0.6998625441539816,0.5511386418052518,-1.8300783489522248
0.0660348017554129,-0.24596829356510508,1.2836764034704977
-0.5246428050715488,0.5518508745525931,-1.6529136273018787
-1.7335481394893986,-1.144899720174516,-2.0577818799554546
1.6118315284295686,-0.8597368177335463,1.2595815085923943
0.3525615974536197,-2.22182077758512,-1.3342748115668681
-0.19934259735190593,-1.559299780578029,0.09248390172131031
-1.1558510609128232,-0.6715984968515271,-1.3501873471291328
-0.04204189911072355,-0.32484427720366577,1.6346443710871557
-1.260314933455172,0.8342958279713029,2.2204575266733877
0.7355014212090718,-0.19578737029175,-1.431439706840207
-0.7241365189923495,-0.5749951226262802,0.14709598661341722
0.39536452730003296,-1.201203148559796,0.2813392331981599
0.9112049666639443,-0.4507706788257213,0.2128897268472379
0.16024731117182534,1.390495250568064,0.9683879067740159
-0.1517191380326563,1.177911559010089,-0.15189237232682878
-0.508442197846857,-0.1309319458160392,-0.7693383156629198
-1.6239910104416138,0.21607796564337736,-0.9810287080126066
-1.0463396978022317,0.9352094951210017,0.36578728555884676
1.071478097398104,0.21684235656046874,1.0404220359346201
0.25723147146592007,-2.1421315057318995,0.36348951137179186
0.2765059586244279,-0.8176676667806125,-1.2950368070068106
-0.4646232028353932,0.5963967138701093,0.9345644313062293
0.3150129106316703,-0.10776935825297844,-1.14163244847457
0.1892670699554708,-0.0377264743116599,-0.43582537517450826
0.7708884407391651,-0.5925728423212756,-0.2519892357486528
0.01612563848459404,0.8319621726133388,-1.4977257847413847
-2.2093647267236873,-0.5687085760684027,-0.26940296889965426
0.06935782470624834,-1.122368449961548,1.5572703107383479
0.33683393803412354,0.9770524955604164,-1.0821576377881925
-0.9757791124846101,-1.1335562573948745,0.05814121976796864
0.5250882202205699,0.7113090309864005,1.4478731010975536
0.22525695622287709,0.6659497969142575,1.7630795816843625
0.08277412590833268,0.07653698484780067,-0.9117845366612755
-1.5529106309596152,1.1040864535147836,0.034814983000253215
-0.5161181165796169,1.8064289437884093,0.5468343150927097
-1.1222197587971898,0.19904883310648064,1.6680518452765247
0.6177141252174846,-0.0983266192060317,1.3333234185045824
1.0029578197369067,-0.22969316580626722,-0.8102644428970402
1.655852848939199,-0.04182531944201724,-0.7297194113488072
-0.19154893816138965,-0.6049140628101687,-1.1403312247971171
1.3052816686828985,-0.2877623984727338,-0.6756038038813368
0.18061072821419824,0.9695703321963074,0.22519129544696123
2.4463613624845455,0.11693645357464125,1.2067486746038913
2.2965552158289197,-1.4581302350263943,1.3155223108307759
0.4493287128320158,-0.25815468246561385,1.3277596006775574
-0.6653793144149434,2.195625239080603,0.3215282797250905
-0.36154117036119493,-0.7323708199844166,0.5560149144917239
0.3472553386591822,0.023000311387946632,0.6560446950054228
-0.9720278924985617,-0.26291612593745806,1.4487267787487508
1.6254488322678027,0.17275253787291187,0.933281521579744
0.27097899351415083,0.6713733164209275,0.8766772757518663
-0.4802336022739294,-0.3831559465080836,-0.5801612656135348
0.45726525430789533,-1.0346993326394573,-0.467976146789462
0.3589085523424366,-0.5920400708992765,0.16932347718332177
0.8812932408078472,-1.5750919510084287,-0.889594416425538
0.21373966953521772,0.7746728863962522,-2.176508415791398
2.7844643128537094,0.44089222202951783,-0.9298093287827515
1.0326111626490857,1.6026796547410211,1.0403543841972847
-0.28157228788439054,-0.5895700026764924,0.3767839772723869
-1.4104537723667891,-0.1311667167075832,-1.2362133582365076
-0.08536979762062351,2.035517321359402,-0.9258471926816189
0.7189042018643709,-1.036536097101573,0.37155524134820245
0.23216496286803706,0.08504749329712595,0.6332441662054729
-1.5169767866817705,-0.7179384107895046,0.4868387752646807
0.4410196503333688,-1.9194516769192354,1.35349712228665
0.31988831827574854,0.8174893786230384,-0.577685786319498
-1.1191112462490083,0.6479481467061812,-0.5150350552095535
-0.13304163658858956,-0.17735007331774816,0.5843090746532302
1.3400060846261073,-1.06602109246204,-0.20201171000422669
0.0517766479253095,0.7433269466766782,0.7374536875942054
-1.593938523393317,0.8641256857633944,-0.0776198314324484
-2.573802249922084,-0.4884071691341869,1.4008121831661486
-0.26820967210935787,-0.07846041905176011,-0.6998545597453829
0.8357049039030002,-0.04380622970583131,0.3430602427218222
0.3241175380934206,1.2916783250404684,1.355963857079661
-0.7385517694929029,0.2928938096411184,-1.581750924218758
-0.42490462537241014,0.654273149131165,-1.7750705114259502
2.0072226375760107,-0.03461303061192832,1.2881522132568852
2.170015669597139,-1.34425937783107,-0.9636213157097858
-1.6811145653798911,-1.2248219633055242,0.5706584369046604
0.44067247060593695,1.6608202532270129,0.663009647936462
0.33324116117128194,-0.16899182308263752,0.7031595469056715
0.7062293131611483,1.5646392435305043,-0.29190947671571554
0.9381121013878866,-0.329043421504217,-1.6656240047683963
1.821078113571299,0.7185394922413653,-0.1513312107485373
-0.328036427116991,-1.1335856278499212,-0.5288271607909635
-0.1090192504541976,1.6473668962403214,-0.2157444491118316
1.561911839753795,0.31013201575676724,0.18037813778305298
-0.7720199626380083,1.7057222098062863,1.2250632010065228
1.2268572922554424,-1.6412614648485233,-1.3298979393073482
-0.3347070890191953,1.3441970654390252,0.3052985284104656
-0.11464041616851477,1.2682944104768747,-3.8729861730780293
-0.7998051992215407,-0.29594244842334005,1.2231325143834455
0.7139874411565222,0.20437515411160567,1.9021421331597956
0.12247770339495603,-0.0743759223468503,0.04169171901718533
1.8042384851400002,-0.07695543724586444,0.9292697235338376
-1.8520222584589443,-0.31087492412343026,-0.8704821743127945
-0.37516740122627007,-0.31312877928208527,0.8746852138433748
-0.324747742297076,0.6952577700138067,0.8794046336904253
-0.5718546605262266,2.3501237183781467,0.7784032329011382
-0.09388313933635006,-0.4082535496138284,0.08817715414818178
1.498817451064496,2.223023586977462,-0.014473875373444448
-1.3302809057797405,0.30199305346240296,-0.9565875584906083
0.5989937379362866,1.3957913274668736,-1.5491018323717287
1.0087833816450829,0.24394266233437412,0.1752314051150952
0.7078472024610173,-0.7867391531747685,1.2682322244069446
1.3286625422139768,0.11122150357609613,0.8560318893870269
-0.7501061056030243,0.5961600687502379,0.03670776944638652
0.1327680486301691,-0.7360794800015887,-1.0496138141342348
-2.319847069571345,0.16485837355652502,0.3402532640012334
-0.6173526486454992,-0.30086541727894156,0.020247039085776304
0.12609231673530583,0.5838350753186867,-0.05466222601078521
-0.32088034363432794,0.2153982693232669,-0.1963878644097186
0.48884440746859364,-0.7039152390832345,-0.3435035845953276
2.166590576186214,0.6522620566248244,-0.08156348441840043
0.9047726513825054,-0.17141631666256105,0.16825639934453565
-0.39586378483734475,-0.8206590060926053,-0.48824089699369716
0.5912310225403771,-0.38062439875616805,-1.031136592897559
-0.8591683942539317,0.5125630011885298,-0.25620266653170115
-0.19526785548767447,-0.9861083955598057,-1.1138482577431494
0.08983776374990626,-0.9592995512617273,0.9327221432988297
-0.5318387310094393,0.043521904886641094,-1.1680763293178285
-0.7245485286007181,0.7171014178350578,0.5930837280670982
0.12138344648689477,0.3467224348613594,1.070179862954286
-0.31352660350873296,-0.625618721081172,-0.125719158534639
-0.9636708504136945,0.8223446553686573,-0.773373176188232
-1.3849383845075713,-0.4666942535423148,-0.6976499798911944
-1.1897578752673363,1.2995661820017863,0.8243102636288384
-0.1508985079851823,-0.8574769664518064,-1.7830327641988175
0.6781393704054376,1.6389873675287743,0.9554632152133316
-0.8475870893222491,-1.4158399433510194,0.5041535233369793
1.9278201800249712,2.4795410910115114,0.9815145345607896
-0.9017241526271493,1.63954216573887,0.7565696520192838
-0.07614012070874222,-0.5049719459169542,0.07869717900243443
1.276450355927168,-1.3650758431262644,-1.1223682723440462
0.277492442892148,-0.1412738838630486,0.1362296916776403
-1.6911486211999007,1.9870203965517421,0.1427483876560332
1.2109303265712494,0.5429308341937962,-1.330144762998131
0.8957381322001204,1.1135946185633663,0.0015961641737828084
1.5413656606766966,-0.0070620009993896575,1.5275603534932123
-0.7050798672863933,-0.854193096236111,0.28208442910925485
0.047888091353737415,-0.9678007115347901,-0.14205453892931091
0.47050687243487105,0.5254925762619518,1.0336924059421018
1.5774297470994043,1.2767571572824445,-1.2735905916071986
-0.10805104132083992,-0.5933703294201355,-0.270909520035196
-0.5411358041269562,0.32463688031732385,-0.5999756018096939
-1.5007674704293725,-0.17668747392210485,-0.17922084163830412
0.8241888972026624,-1.7850849442831012,-1.396187490212523
0.27045203586246364,-1.1939113001041273,-0.32724624139154485
0.39971248086235933,-0.4251456431139902,0.448510580398854
-1.3452716900214161,-1.0756526058969975,0.9360992852510401
0.5197886987962461,-0.2874940328358509,1.2494400412078845
-1.5370067762742832,-0.2662999184206912,0.3172398575423495
0.8166014139964949,0.36657234303587,-0.8183429220562991
1.1776269513541104,0.3884960866720396,-0.09048432664909534
-2.133382478934403,1.4569659320325001,1.9555938418971428
-1.3742762559925612,-0.05458021842760727,-0.746187999664541
1.007131632018477,-0.30066177052259435,-0.27875060414677355
0.23805654417319766,-2.399035539036898,0.42004609848528957
-0.2059923051136727,-1.3629093972109259,1.3045721292074355
0.10517560240891684,-0.19035866234520152,-2.1403668866145797
0.8037699032824627,0.19137709567660136,1.6215959301850398
-1.306635954628595,1.7387688624163313,-1.0951185381409778
0.7424274231098466,-0.8563456373592868,0.5956575411773056
-0.22440177094487518,0.9296258455062024,-1.4705069926886039
-1.1169354994125815,-0.17023823955104245,-0.15168615947002892
-0.9662543341255003,-0.3321888779815617,0.7715892395926331
-1.6426942136951173,0.16594839039745946,-1.7703171411036929
-1.6427118824761848,-0.7955232364346206,0.46156354246669645
-0.41831680975901386,-0.7374185370465458,-0.25588634820980477
-0.8032856817598868,-1.001530315850275,-0.6884002118886117
1.0466682539130145,0.09425708896741158,-0.3111851005726019
-0.5391761150309629,0.5568246544660769,-0.6947430716909105
1.4891165608961152,0.14488027286173247,-0.5381753701611247
0.5254929171465852,-0.09164956533404689,0.2152044239733095
-0.24103250480034755,-0.24969982450379832,-0.6386074976250983
0.6422920990599995,-0.641678971363365,0.6045168521612192
1.7879164269390682,-0.19518331976892814,-0.34789023434491606
-1.9963304774930557,1.6086582115290107,1.2268264395650004
-0.8492111207272356,0.13468205147195156,0.3511778094512145
-2.132083412035509,-0.07154328051205869,-0.9825766444061845
-1.7062010076699912,0.5068376313424338,0.970320667989485
-0.7035392005445722,0.5319098572157083,-0.18927264734787713
-1.6073174667897352,0.16758427178354124,0.9515777685324277
-0.7070970354826636,-0.37031358797818065,0.3341958066768626
0.4281999518382543,-0.14221283218083589,-0.05009521973092428
-0.2939606213888026,0.1869242044053605,-0.34227775550011597
-1.9199258544383289,-0.640226131592801,0.0720089519831935
0.11107640194140085,1.3450057295106639,-0.7028144792617054
2.1806188743749018,-1.8629408522116018,-0.4490560804525814
0.3078160846331872,-0.4622934028510152,0.24109305918763468
-0.9626078935941094,-1.8651962151900456,-1.0051409070616566
-0.9844525218547318,-0.5382248826759687,0.34655205693724894
-1.1049142351047938,-0.43483233153319883,0.5557043787709269
-0.5726405335368384,-0.05186958013939531,1.2022662087152434
-2.38299160600928,-1.2765484891403773,0.500739384603913
-0.0030201248374417677,0.8921811476326639,0.7068579624920407
1.2160183050029616,1.827717576180715,0.6886036505314291
-0.5274883504239469,-0.04755336113707606,-0.32878771163045134
-0.4642882774388729,-0.8951936299036425,0.04178616649992636
1.2191961561946039,-0.012305302901070498,1.7769852927964642
-0.08411520742036659,1.5111262337417888,-0.03767961077120341
0.988617222223047,0.05680761779623274,-1.9119229021017545
-0.6762197124814651,1.4276276027651453,-1.1952250744207713
-1.3590700569778806,0.02283756390031321,0.22788359830467453
-0.7170389109928839,0.9490268079652842,1.0581014450968649
-0.9685178582122976,0.2277697451320473,0.01944217240892296
0.09011743365292395,-0.5344847644448776,1.0140746991072551
-0.42698982783527667,0.907070983140072,-0.4617601960990319
-0.42477286701788314,-0.6607095101099835,-0.7598583516380785
-0.30947734393640164,-0.36775207933189896,-0.9663833807080169
0.8029789853415694,-0.8946749576711315,-0.5775576427378418
-1.2336693458311119,-2.425417390380837,-0.3243712597811952
0.2227366203237674,0.7220737154894891,1.5036005476829242
-0.7803855938131956,0.17668019384201347,-0.17502926672063715
-1.2906672763517104,-1.3607330275007106,-0.12250483806955142
-0.19142575049110935,-0.8505387852588938,0.4205385598053011
0.14117612581842723,-0.4861259472349226,-0.05876476140223428
-1.6941870551719782,0.045508307893767315,-0.13658425679656902
-0.5452596470341511,0.08798294899186733,-0.8095502721025718
-0.11204397155991148,-0.49001366520931594,0.020974722817582503
-1.9839475643206261,-0.45219193504861493,1.6710717283902188
0.8616673519386194,1.6179899624440077,-0.6167706742732022
0.8760930126450283,-2.68421681524124,-0.8965483345641744
-0.3107781786978926,-0.8011429429677462,0.3591136022862139
-0.7914378410974938,-1.3131104869770203,-0.4441435289967813
-1.625161639512406,-0.23095571456594627,-1.010284651808654
1.0669665673040676,0.7130351821855972,-1.8587578898993737
0.8596963121751601,0.10289227613773765,1.3049465077696587
0.6907177849410335,-0.9628675730372143,-1.53794309551529
0.25916543660603125,-0.41871776870812033,0.01968286601725509
0.7211134512596757,0.8639407035784975,0.6052194023813834
-0.3965358176586352,-0.670407419998046,0.010587162131926968
-0.4789164847000763,0.8632589022952337,1.7552535754501508
1.3597360421977007,0.4151841019892971,-1.7037885527106296
0.7955934908342759,-1.2127022945385313,-1.1923749710486407
1.651010574531049,1.314926721568815,-0.2553650372394513
1.3267130765964967,-0.5033599623702851,1.5514838684304944
-1.1038528758897672,-0.4099285540607518,0.5808078387199644
0.009011775964939468,-0.374397384724246,-0.9162330284772555
-1.440401496949699,0.20139786591030032,-1.209049394693502
-0.5249981371205251,1.9328170033910699,0.3642485617439247
-1.1834826074926195,1.326009151557341,2.2136012250388015
0.3300382642314104,-0.24628759056828634,2.0420903558196684
-0.2281658265010903,0.4062363793976303,1.531338715408638
-0.1979113903015935,-0.8102820556205229,1.9006011557728777
-0.9279228275268914,-0.0009393475906779858,-0.38830892157504004
0.6380371481713895,-0.43949865445654696,-0.7660290852120327
0.7680390005086475,-1.4875401734202454,0.44618036837219943
1.386795219609268,-0.22930408404124528,0.11282187358520034
-0.2565377297266006,-0.09889027032605947,0.8991938712714157
-0.8048125035736444,-1.000969287295657,-0.5747271497000676
-1.2746586014681784,-0.6984849528071667,1.4119007469566398
-0.12429922246863617,0.4082743761348672,-0.5379255657390019
-2.1975443949549103,-0.1745871222629446,-1.6700438583155872
-1.3392534564031828,0.36496211917186144,-0.2894009910756317
-1.9948269834860586,0.06025376409179963,-0.7234477789915907
0.4599545825854178,-2.707539644984363,0.8663163064843626
-0.30384977421765386,2.799372162227366,-0.6106473407095225
1.091729092944857,0.7503758231696617,-1.5701277778499392
-1.2004475394801684,0.2534249117580192,1.1943897639682601
0.07407470596405027,2.4529218129757786,0.8757917281011455
-0.5403110833968585,-0.2211772818886025,-0.496719679653422
1.0326500517362636,1.523790615294696,2.0629353517387723
0.30099887817307447,0.7227731156519617,-1.2163273273818207
0.6135273659195309,-1.5793757325466162,0.07510896590668728
0.06976120937301497,-1.406769461874089,1.0467989536708084
0.013570526622996796,0.5754310476346562,-0.026335596152495283
-0.6458318430409506,1.472304649981512,-0.025701675285795117
-0.4594898062320637,0.7249815870574063,0.8704959966669884
-0.0536724955903478,0.381380458444013,0.3225046045786333
0.16002999901733314,-0.7375887954110887,1.1392991076626253
-0.14086492561413894,-0.10999250087274756,1.5313578958608194
1.1669308505220841,-0.3311098640135115,0.6310268653042764
-0.5822042112520681,-1.344629810986535,0.3322539223158489
-2.305117169107768,-0.8833245434758997,1.6329975656583295
0.059713588738641556,-0.5585027103800162,1.3439326068125312
2.1812244610939704,-0.4101301047836507,0.30724868666263006
0.46231386477868885,0.20674832481998023,1.7967887898050487
-0.3391635796436028,-1.9148578078838336,-1.2218411184675957
-0.1267950012538286,-0.5301950800961219,1.4358409450255392
-0.6489015454078404,-0.36761114203423423,0.6347087505939966
0.8601906606283329,-0.8297877974020704,1.1206608492186114
-0.2435641366441126,1.0878611520016632,-1.0193026920461774
-0.442644769493356,1.0478411554092164,-0.012743519125592876
-1.4020999889475367,2.58049614542805,0.9443367387934671
-0.22281581917974605,-0.25937045286038146,1.8168308779802538
-1.98145405817263,-0.2534786533896955,0.047136272759904
-1.1928213137235542,2.509828508529404,-0.07596805867072898
-0.5891045214179316,-0.11294478137871274,0.5400481748810083
-0.024267591990783353,0.8003561173045675,0.9556228486527591
-0.7326345262150586,-0.8560760018842676,-0.04438576220002531
-1.0815837329146953,-0.4099931296929399,-0.2177557083863917
0.9538254833118085,-0.3350780519933111,-0.10554629683681103
1.0620033416552543,0.06596137258511937,0.09307405599617571
-0.6988099367321347,-0.6508400525134207,0.9976594711896438
-0.47973426412558745,-0.5247789276413499,-1.9013700557983946
0.9792247088191508,-0.5589591877791,0.2799204276688029
-0.04516295478998524,0.8619836303982685,-1.2197783750254787
1.233287152648546,0.4804922124120124,-0.23250946006715903
2.9438516310465954,0.14836752930343647,-0.0703780978517038
-0.1657354581563171,-0.17757812077947907,0.30331347426011307
0.3395760577408757,-0.9152868015634528,-1.4702759229223432
-1.3162539765558703,0.021220154278465,-0.7265332684509527
-0.052969333732503766,-1.6802789677866854,-0.30562346422720366
0.4670212351955652,-0.8157394872722301,1.9706680362327722
1.5000285139121656,0.7790527096497445,-1.647723029752631
0.36702637187419296,0.13687556647873036,0.1125542242483417
1.3789172976943294,-0.8336524406490894,-1.1462140056607337
1.0943922805521662,0.9049160150693598,0.554321741011793
1.2943245106798282,-1.6503576607621662,-0.09203610040298982
0.1551787696040846,0.13136381460230012,0.764230788162958
0.3304754770039109,0.9916016616665262,0.654749067132325
-1.7602965061250235,-0.4601263503205931,1.6038483005886288
-1.014305189266563,-1.5141885099232857,-0.2051784743394355
-1.3195523535391025,-0.3520599819700656,1.8180770372268718
-1.302642148602181,-0.37843284837499663,-0.15761319497227205
0.8561641701489436,-0.3759031358875104,-0.35349330849997196
0.4389178336341558,0.6248254738802804,-0.22193545251157987
-0.016877904142717486,0.048232105454230866,2.3024349184672435
-1.1920438098356052,0.9179971967632167,-1.4399054734275865
0.18074981937467927,0.6320190359954145,0.39220112356946
2.0293918979402563,-0.9905898619758016,0.2859504776403515
-0.757029060816904,-0.7045324847520693,0.6019828618766375
0.3668020143321702,-1.0078988773750603,0.9030701202555027
-0.8369146932172639,-0.7376981602747782,1.023230097432755
1.8816409329473407,0.12488629044541322,-1.5633265242383685
1.9916637946177664,1.3935913180027073,-0.29813631512580024
-0.4233840299558635,-0.1371689056549707,-1.0873342691540817
1.135170742042323,0.7040534813010609,-0.989775091756389
0.6053573965402264,-1.0224586839002598,-0.4415871593178802
-0.432210426924497,-0.017514134081221763,1.0107700517543439
-0.32233806460742565,0.25201863807565766,0.47943318655725564
0.5400666315933685,-0.017088577114238702,1.5442452085706193
-0.47134772455272617,1.8237142348364563,-1.047068465775778
0.8263977401632006,-0.8931706046385484,-0.3014149381778629
-0.7216433308818012,0.8959479075030493,-1.2577998358966511
2.7509232663771876,-1.463432750924713,0.15439864273713397
0.520523142725719,-0.2979380970361733,0.0544370853382678
0.5847169224057359,1.0165507293257712,0.6245894501827979
0.27364520011096743,-0.15118763643034996,0.3938998636742507
-1.2450072184650764,1.5526470836988147,0.03278570992726245
-0.7193458527562536,-0.05223411727581402,-0.4519719829920057
-1.4583455146822477,-1.148026123450189,-1.2519891416504303
-0.39748438064944847,-0.907421684122013,-0.027863599268620455
-0.7968200709560371,-1.0300989151803643,-1.0945551333063064
-1.1417999810614525,-0.42445863717006405,-1.5172487573194209
-0.6854965757416623,1.3622661836474061,-1.0732036184718026
0.2370333669234711,1.848260951581614,-0.41258703232990546
1.3479517795786329,0.16598531546986708,-0.6255952075219076
0.1633552920678517,0.9018442670256697,0.6479852146936516
-0.8751134639790079,1.9181585900952773,-0.1879882857666933
0.6771565371343077,0.2327381045332748,-1.4684453619313322
-0.5910146939625663,0.05179543281537456,1.736738359307082
-1.1192350447207522,0.3022903585767452,-1.2272860746551548
1.0812156634624757,0.8928998537118729,-0.5075735212511833
1.0837548179884768,2.110813534321089,-0.9298910356606472
-1.631987697021195,-0.6050832649718927,0.47877686520941637
-1.4099762272659535,0.39053315450573345,0.4527498438681073
0.6007086378226857,-0.6052926179832057,1.4718656012695024
-0.17352040198812704,-0.9090561199142629,-1.6778346436281666
-0.5480891298882645,0.09931571646446496,0.029756280168411073
0.8795516471025969,-0.6700769986376116,-0.6373281466771015
-0.6011245448218134,0.46395370259322644,0.8988397305264405
0.4145699146411798,0.5556831866908905,-0.05062369216515391
-0.41445872783435306,1.4694526116882598,-1.0341292973380813
0.40944496965895094,-2.6365660005541374,-2.232825358010899
0.14349513842529119,-0.9864043001507802,1.6728080182880578
0.839278420398152,0.06188597736283154,0.9335425100211714
1.7107129590278953,-1.0578533105740444,-1.8176146577755117
-1.676013788250379,0.5812036145522852,0.46768464612677263
0.7340061486896203,0.19777422074193987,0.7230791235038103
2.475042813755321,-1.9786361906959595,0.5649723766737409
0.43593415301962224,-1.108068688739142,-0.018399814422393867
1.3712760284508985,-0.47517761295087796,0.8599466708255051
0.7694722404044966,-0.6010052049569287,-1.6293486775946915
-0.17353559642894067,-1.274567462268868,0.6505071020941355
0.9328074125092438,0.3946619694652804,-2.242218548324059
0.18742463564214398,0.37058022568278665,0.6527623167039994
-0.8044407181199548,1.087601458590765,1.729396897788176
-0.8720717077593677,1.2361858952131024,0.6212698797560625
-1.0827776108160376,0.07635296288379397,0.7548945115585104
-0.013735285929974252,-0.07544559731037233,-0.44541790057170255
-0.14018375408133696,0.5065243392390282,0.5292952568518141
-0.5859842230078005,1.0381271349430827,0.7744857450847585
-0.24096912753926616,1.3553025436494295,-2.575168082132863
-0.499213786486507,0.4024540849257153,-0.16706685431858329
-0.9718803486231548,-0.7402409827923346,2.0026475287824854
-2.2233097217018676,1.186735483768126,0.5854680242670927
1.2337332728422625,-0.17075021142638178,0.029316021959605625
0.19704675852225986,-1.7461519373422547,-0.5184375857454957
0.023375131821267655,-0.17864892223976656,-1.3954323229670413
0.46896749553476186,-1.6234479892433167,1.8151319853401258
-1.68547406708537,0.8877785494404465,-0.368400632896852
1.5593343503057864,0.9355509817661811,0.643426880324895
-0.8389007186834001,-3.1026217657135,0.08390594139503742
-0.35640512205296737,-0.40714548353364666,0.3428643358564931
-0.9228337234876597,-1.0881713575382228,1.1361847889140042
0.519886958025192,1.6227044665560733,0.671479995149488
0.07878444289382168,-0.6019649044273059,1.163779453060716
-0.3153107611237095,-0.12458277840459799,-0.22401202451895974
-2.0206374810587073,-1.6014182620325343,1.5739130972954478
1.3402030093275532,1.1284459191766736,1.3811477067751161
-1.3857609533750497,-0.25480977358759976,0.15893977684561425
-0.7409905222282084,1.586284197563307,0.8174193042332306
1.5239410052917717,-0.5982118841503961,0.7266461778555803
0.579608291136299,-0.9003597733071749,-0.2651623821365334
0.2090018250665338,-0.6150360877594562,-0.5941605584612121
-0.4242119597897308,0.6310533914751134,0.6617678402224969
-0.1410143477356544,-0.4058660124671171,-0.970498756034761
0.4040710104996292,0.1419228126507803,0.29168558217682816
0.2552440083646494,-0.6004290091666933,-0.6987283945497623
-0.4130612137144524,-1.1953518070454816,-1.145416983065452
0.5434060027762583,-0.6531608243156523,0.6015854098645033
-0.42839135300606446,-1.777086990551799,-0.8507405193141664
-0.654626620036679,0.3431905085294805,-0.5419194539763514
-0.7239054294510859,0.40619500010035703,-0.47340661968729336
0.39780156913464576,0.7449586621270015,-0.6279291257534556
-0.17693934112520313,-0.6517094697484992,0.1403392908387455
-1.0663455144730885,-0.3800891266782947,-0.5363960801754527
-1.1775588189788568,-0.34038936097535855,1.6767223510268088
1.2062346855763626,0.25388885042288273,-0.5296874034312296
0.5330649346715092,-1.0435500688195467,-0.020311269650379514
0.024495126861784258,1.904419259180703,-0.9632778200987533
-1.6816399274158167,-0.515241897393049,0.690863110408354
0.4911785000593346,0.2802531664985771,-0.12503359487150564
0.5114150544885863,-1.662288617688867,0.8684344960992536
-0.7177171039306391,0.03773658637861905,1.08063457234664
-1.5845676693401909,-1.38333936208361,-0.9888398190165779
-1.1296428961044418,-0.4064442302754014,-1.2771132437659298
0.5427785861249416,0.6762808771922266,1.1429527777318835
-0.639192190448432,-0.3781716106025685,0.40442328381219195
-0.8342747752656002,-2.077220786517328,0.8752902445301765
0.8772074130794839,-0.40855618463869886,-2.1523315505497362
0.6865885136459764,1.3116642741142401,-0.4420870618720203
-1.6282885651490417,-1.1524477577686996,0.04323566094985491
-1.1745377294803276,-1.243970024677036,1.0958167833603287
0.03337471000659106,0.4104552762433797,1.1446209432087224
-0.31835425982044674,-0.40822041722043645,0.9320197301519113
-0.3509879474829158,-0.34121532164451035,0.6448199715804209
-1.6995161810069308,0.609026834792348,0.4474610120444681
0.35189099535095986,-0.3751208852108226,0.7091481340866961
-0.9315694302203618,0.32548980940924527,0.3961171202974872
-0.9451041824830186,1.7267166248532917,-0.9929612384778088
-1.5699944150777765,0.6017646892289576,1.112267658636233
-0.44073775025523726,0.5408949176425846,0.18817135143647598
0.064407844383763,-0.07399624256577945,-1.5893085987768492
1.141328644267948,-1.082661570080872,-0.3456747598266465
1.191523780309206,-1.0254158690916344,-1.6296683141639918
0.532752389184512,0.814985466035603,-1.2904319449995172
-1.374767924944184,-0.2757337724301532,-0.8786561636826341
0.6707077033196954,-0.348387666408254,-3.1948655705316797
-2.1878530242752885,-1.526575883131692,-0.7796459643961131
-0.7426108619414817,-1.7558955153109208,0.5919983641753745
0.10413465555392089,1.6772295721381192,-0.20749940619581186
0.21570316597567216,-0.6881351876617507,0.6741581662885501
-1.2498719913392453,0.3214285018717211,1.4618254261529937
0.49567497436103275,-1.6326136781843934,0.3834035514467589
1.3600299528300517,0.822523568380589,0.15060188506393363
-1.1849220774391065,-1.9018974931660158,-0.5881680543187704
0.4890985186901586,-0.5945661143025656,-0.39313718373475964
-1.2311874285061455,0.3374258790454068,0.5928938911607322
0.2679865261306423,-0.5167864574482361,-1.0106401897129977
1.6478360381957973,1.217127938860193,0.6343240292149323
0.04974625120740219,-1.2394032428535653,0.5920269337197086
-0.8065670100178759,0.08180863494323053,0.0020397769260162893
-0.11686680769275244,-0.6012849194968775,-1.5843996529341928
-1.4767102479843506,0.16332644231996102,0.358458504589797
1.2569676209094205,-1.4251940951796411,-1.4505676487663997
0.8946092654208792,-1.0824016565276782,0.5099171612722574
1.1183400186213297,-1.8270297169592287,0.33024498151620485
0.20115911320777763,0.8077748713935462,0.4919058589418795
-0.264009626908355,0.17028598192839403,1.2763163630326173
0.14236946490361083,-0.45902787836844794,-1.6977165658966873
-1.8500687256473325,1.0292376835996386,-2.23282015374205
0.6395579008913849,0.2726614071638793,1.4397413105415053
1.0766987750022272,-0.6802192563392877,0.8240376031514536
0.58827222370571,1.751222106333062,-0.7190936246618528
0.3229004853519134,0.46982655692113023,-0.49328335535880696
-0.9224192071068748,0.0615431150497028,1.5485707681743688
-0.3229644108390938,-1.7285674657745898,0.715890630368587
1.5047803825898534,1.318774059567357,0.1534921735204729
0.4390673425270308,0.6563758790712814,0.3336578837359026
-0.11101643739139512,0.31971285454199966,-1.4811814462862694
-1.1835612474099308,0.4324471358646862,0.22937878200621656
-0.8001443472756133,0.5493344348457131,-0.15151748210215701
1.1851826133316976,0.21085305753056705,-0.4839802071777
-0.7986877825795166,0.06846219120740166,-0.027205087087540596
1.5010370818761571,0.9164616824608406,0.5015646111949509
0.31190799084297643,-1.0769738639127722,0.05002277672141772
1.2409316629754399,0.12492464445670949,1.0278542009462388
0.22672528431918595,-1.3438895257800518,0.2288542917038504
0.12783023211585637,-1.8679404632553922,-1.0013155765095834
-0.9865159967387577,0.06555452647745821,-0.5886105237910508
-1.022609036691576,-0.5700208753016429,0.6056524326393142
0.7202694815803767,-0.052598521868586934,-1.923614671648103
-1.337841616714397,0.6305906485600757,-0.5326229051179978
-0.29062186928515016,0.0582609085649718,-0.3517632771170732
-0.17113191080229073,-0.2579245144312146,-0.287280453804816
-0.28857693318281197,1.5386327705094975,-1.0929096599694101
0.40426497609871753,0.4942336871865223,-0.5286449251916092
0.9851717467682748,-0.6279872427828984,-0.07134841513458329
-1.2785149557487852,-0.4480852688355716,-0.5588709853799692
-0.004259148815085281,-0.8526432813429583,0.9199252104703726
-0.2921777230377557,0.48460729410831777,-0.1815436592884532
0.8717569733118101,-1.9592701051566985,-1.4854936120913502
-0.18963272666249606,0.1686392448677873,-0.9780691257825882
-0.4243796216314438,0.04563471445043329,1.1288161573299615
0.5679632109708986,0.14979838944825297,-3.249560991504809
-1.2155352688985193,-0.36614874547444654,0.6892551390607414
-0.2461379293413243,1.087051204463611,-1.4056552901176944
-0.8150980546383639,0.008265874215348388,-0.8149784219036833
-0.8729800920722773,2.504393009525857,0.030981025478707347
-0.34071792820694824,-0.7347748189523194,0.08683541234321135
-0.039288314288910116,-0.14519042915508043,0.30884237225434447
-0.6847119863288529,1.1832556213737961,0.8772948229724755
0.8772828781989155,-1.1480357146386553,0.40823752825390897
-0.24932901293170426,0.5760754269451859,1.1638010694932877
-0.3264868868560642,1.0872828992534755,0.2376549692654084
0.3802980111183327,-0.05340624672118537,0.48470629870907506
1.1319263412511216,0.6455872749141005,0.35306113184064275
0.024678469514719803,-1.7543447973443793,-0.98805039162502
-1.0959940269056931,-1.7153155414070071,-1.2059169397295775
-0.9032576402813148,-0.15912682186971447,-0.31463952403448714
0.12583127682116452,0.46165337080620833,-1.7899525803546708
-0.6468185276403542,-1.1756892008262327,-0.08586340533476568
0.20434207500002963,-1.206541563388235,0.9757033299143125
-0.49393379560561834,-0.41158920692108436,0.6109729692307073
0.8718470266640312,-1.540000043875548,0.3438972005658049
-0.24953025886180494,-1.5853355971741094,0.4408529849350632
0.053785353544438,1.1885823887273441,-1.1058883972411677
1.793267289528206,0.9960151040408148,-0.6258914798956692
0.7896032997242431,-1.1339075285523579,-1.8711843792601544
0.18656440200066624,-1.5088620390241811,-0.3929357009491523
-0.6618765626798557,1.572603345279108,-0.39366402940243306
-0.16923931063469144,-0.7146993682119117,-1.2183605055809619
0.11462265623135037,-0.0021599093986736555,-0.9067690204372917
-0.4696004001956188,0.5341453397709651,-0.6906452318686418
-1.3745400712911047,1.410225789701714,1.8291669033996414
1.3125468483242866,-0.8367510952111916,-1.1879910098205257
1.643847150075846,-0.8616443376456223,-0.7475911163554853
-0.14933876065279553,0.3475227436717375,2.1433382114609367
0.8819513834411891,0.6724491285004847,0.07618180683626864
-0.9282888735075894,0.12904538105758348,0.24954928263269013
-1.350185539880098,-0.5982787983077493,-0.6184369700378501
0.22718609786752855,0.389823330486047,-1.211199437296408
0.030941876179942058,-0.29398612346127967,0.2496514491678963
-0.201538425992448,0.21467823488649002,-0.021122662137120902
0.7635782891686944,1.279669646478531,-0.8610349193923665
-0.8547468360433285,0.004553712050956998,-0.4891295389735719
-0.23918221654549404,0.873798441049504,-1.2459885658465784
-0.907120079058755,-0.03626999908571562,-1.0953303377191275
-0.8402259680166324,-1.6076904552259421,-1.3117422993451358
-1.773376812307445,-0.0877473949491614,0.515180520867087
0.23385908065794966,-0.5441749416313905,-0.9652352931246833
1.1856676367559629,0.23885723894376407,0.318299642607667
-0.4071264382696719,0.5640436323107348,0.03667525781361682
0.6793912637688326,-1.1484266989637113,-0.3441147687499228
0.46423259356939517,-0.1884894511817401,0.2547798642629388
-2.400820102303192,2.1789279202521756,-2.0511790545676796
-0.7152991278628846,-0.327112325064169,0.7619294581026428
-1.4794048065436283,-0.8060730556931957,0.1508362593333752
0.9069836647270114,1.233083387215782,-0.15632174952369582
1.0523782753893813,0.6624030691889161,-0.23858296688069433
1.3353376331549398,0.4907383729065542,1.6605105329305259
-1.8437149765364116,1.2924590277629096,-0.7507768590951582
-0.3586571032833873,1.8924089777278366,0.5905152315006499
0.6793703857069775,1.0657722490307746,0.8290654471033572
-1.7023202772610784,0.46200965454374393,-0.23269243070449416
-2.2716445543937795,0.6786797114124158,0.759426692200412
-0.47685475551211615,0.12711945964088386,2.6406795506647915
-0.9402733093013185,-0.5184948621208029,0.19231085551022994
0.10072113822711992,0.19155189763994912,-1.7262483432687832
1.0674941197752632,1.5796496993576956,0.43860726396471095
-0.6739891121494767,-0.2942428232190612,0.22794806423145106
0.6105742924264652,1.2778624894766302,-0.7616422010418341
-0.2521314711959229,0.6491854029862304,-0.2772184953752487
-2.0286605361755012,0.32139171369960534,0.08945804296332313
0.6324504043020193,-0.043772862384368984,1.5100454320611632
0.7585074344837418,-1.6596464977638634,-0.24367098836738565
0.5170190466786773,0.7585733751469329,0.44290492934442344
-0.3174537099593544,0.050237284639863426,1.5310038960607342
0.6172453693209539,-1.1008563629768113,-0.056613027902576794
-0.6371350865320072,0.0002977640710937895,-1.2292114553981266
1.0631693951003631,1.465926068033609,1.3507684109164582
-0.8286269468904287,1.102627225119411,-0.4952843705802118
-0.6562735314400835,0.040108605076741,0.4485014981153526
-1.5252123128005333,0.46495260851219083,-0.7500026419647564
0.25495238203236925,-0.22352529656489253,0.15015163483869196
0.6038812211482039,-1.823079225209488,-0.7038425872506858
0.9573647629531876,0.6498544421773977,0.18689266783680078
-0.6229387888101671,0.5173406573590645,-0.19629229089659614
1.4162182532519776,-0.8106147525843679,-1.1750100414608735
0.18441889593706778,0.3654621292751689,-0.666529070134989
-0.9691090028832715,-0.3380625831153631,0.3742372025385008
1.302715672559013,-1.5374746166725526,0.7131638497056222
2.019746256543373,-2.101679610530054,0.2640056775647146
-0.7859133581960301,-0.6344203744827936,0.339069497785001
-0.7628766513860255,0.5810901062920001,-0.2481787928491455
-0.07824623550116946,-0.47622088915231764,-0.5880075533690614
1.175411422098141,-0.26724294180149427,-0.4717629917053412
1.095605253509701,-0.07271846813821856,0.052219389457029725
0.7240292305469901,-0.9751430602679354,-0.8960454289922064
-1.6212528701118187,1.9189401181159031,-1.1104076546150818
-0.6670658778682094,-0.9410055730686211,0.6779937497651473
0.865740519583334,-0.5409839946395801,-0.7296875571798533
-1.2536987277236185,-0.8201998757876527,-1.1317948962601108
0.6145968174813249,-1.066512121338265,-0.9620642195852416
-0.0011071017219810167,0.04471857202185664,0.1577649881044508
0.04305780663548974,0.38538171804097443,-0.43198477451844475
-0.1647938119460168,-0.26142740642957235,0.8742583868820398
0.8491409778152126,-1.1032612760953835,-0.48890718617542706
1.2419884343858623,0.8780256790716112,1.4343558059483161
-0.5811347591091318,-0.19613420096794965,-0.5670647203467472
2.1809155869064347,-0.4727187037231247,-0.5725806966716873
-0.040222700725351994,0.8243573999040409,-0.6010005144908576
-0.2324089085282793,0.5968518984711297,-1.0749889278216327
0.2386565435414548,-0.7348696241441717,-1.1177340640444846
-0.7078902984270855,1.6265144955410147,-0.5301079193532532
0.46664392528870546,-0.30051666997044246,0.32354644977349384
-0.041364444179622845,0.1759887459045072,-0.26008189146148564
0.34515130138274364,0.7930853218865932,-0.2431316801557821
0.5718640882350632,-0.7698361706190964,-0.4347022140231289
-0.3427758064677842,1.4646550859219079,-0.18467298567230248
-0.16048054434522896,0.1592111431958969,-0.919083362226744
0.6002524398416996,-0.008434687683829763,0.7632674665044861
1.4000460280976161,0.6492826311408169,-0.5105818732323568
-0.3410956328413978,-0.9926334453262903,0.6869471749218911
-1.424603179712698,-0.5189372737999411,-0.90041790221461
-1.2925251641857094,0.967594687021813,0.20277210597111814
-0.8223185447350748,1.3262339911463428,-1.0377981118069044
-0.11130947371838605,-0.20984815751304767,1.1599716221284146
-1.1075367882980456,-0.024776727031514994,-0.6138674324124874
0.4066810250729248,0.06208907585946043,-1.957362730643018
0.23884254046705705,-0.7674378990530115,1.6748469172399687
-0.9395973783916733,-0.26430135871103166,-0.22782310733053693
-0.3367357810584411,0.008317539471585974,-0.7296578519802663
-1.2861242705460978,0.5048342751696168,0.4893376622075092
0.6976801996764318,1.237584468862829,0.5703354261665214
0.060970412415226403,-0.5456063201241493,-0.6057448105370818
-0.5323598021425955,-1.1490485035010263,1.487824482677082
-1.5024172967020106,0.019095896564917874,0.42881186797859794
-0.9582621459844933,-0.19167730957861803,-0.016012609094279154
0.06793266303671443,-0.804694630376926,0.731898755336074
0.6699202245157109,-0.7189989524803796,0.5628485491255824
0.6607141729150161,-0.9490725665234351,0.1722380086440632
0.8681892525805295,-0.9861098312820396,-0.6858888151835799
-0.5677293424809036,-0.4270142055403478,0.7020041793105807
0.38174085499633625,-0.7161653331993127,0.7999036473218653
0.6550989160857527,1.5835570545913085,1.1007625560858092
-2.5455895440779277,1.439032146512708,1.831584222639918
1.8266103004428484,-0.06521780613810034,-1.1817973909697623
1.2056934634921153,-1.7382336661143007,1.4648412630592138
-1.3971438844047284,0.6674979031552841,-0.4769284103141004
-0.21562564187019118,0.36386643866778245,1.516117317176446
1.481319971331534,0.40515943845840574,1.3186968870491838
0.19103492691617843,-0.7164889276495127,-1.1719292857329382
0.2809725887872412,0.20547334379501458,-0.6961755022866909
-0.35244548160206174,-0.593167269500284,-1.5337226685559209
0.645288594136501,-1.7263049540864008,0.25027124240344445
-0.5259679574472337,0.17622350227616942,0.06564584970373599
0.15589905820392358,0.12626261546259657,0.07711481398527814
-0.5392922753168256,0.34716593092621223,-0.06580814680591143
0.7093078579799883,-0.9712631827680969,0.10714949693858147
0.39745554365510843,-0.061746104273008674,-2.093985626041359
0.6993769939604091,-1.691690018119729,0.30175818655372105
0.8056459915092063,-0.6428484420830527,-2.1634838962844665
-0.3289723452385023,0.8951014656140884,0.5996244283620845
-0.2953791561556166,-1.0479824421262138,1.623789248993286
-1.9375038018616004,-0.9119030815223786,-1.2087603453151947
0.14964849674884886,0.41400970610990345,0.6854463087545635
1.0598116243899591,1.03236376820421,1.582604072009223
-0.058041403002242274,1.7428796428583766,0.614404706501198
-0.6775405961270229,1.0305252621571335,0.4583146131760424
0.8565891543758193,-0.9972701975725785,-0.5997841517445285
0.051058565491868046,0.16590281906181104,-0.03684264865628854
-0.46731876462431193,-0.7742399113808444,-1.3194777097467214
-1.5841846577237104,-1.5333671650861795,1.200840534201853
-1.3926752598130072,0.36032548894519745,0.6453629190437482
0.250323018553623,0.2717363624680347,-0.7932516516823431
-0.8411707110242747,-0.2896701802115232,0.9729530136988438
1.0569618330422808,-1.5109187755384774,0.6695427713633939
0.43672451753953734,-1.1953298857173171,-1.1150513916986673
-0.4572220290199595,-0.9382555200471729,1.189811891835911
1.1229372022836932,-1.527727754353347,-0.8124642466512081
1.7391814546334508,-0.07290749208464561,-0.31229625134007977
0.42739651417648217,0.6366949744463469,0.5640224848956813
2.163717113676494,1.0834722124379694,0.3167145556065242
-0.8482302520051631,0.4587942706609764,-1.4516041947823566
-0.8568009662921562,-0.16613271632997959,0.3118258264450825
-0.09644747236850729,-1.229962891124066,-0.672593695001254
0.28353598104375166,0.43112769129393286,0.3423767391216634
-0.1134755236420935,-0.31279807740457816,1.1156615841742537
0.0688458693074466,-1.2841355271318118,1.1078158268306904
1.3915224072267938,-1.476745665810718,1.8899328944100684
1.445408039140422,0.4446797203076965,0.49956763867502496
-1.7298924138239173,-0.7945446740385206,-0.38284594000893696
-1.3286204203083123,1.2144361735621785,-0.7520672512583207
1.385274132499829,-0.7931609456672372,0.3569256196973798
1.0060864760737893,0.2408410791477854,-2.116028820817919
0.7627813166882077,1.117000327425721,-0.08136754197373224
-0.17330887785397592,0.6482025237490598,0.4699537667960363
-1.5834296392776956,0.5969962264762315,0.4541208630284247
0.5906526257502073,-0.45561206192342674,0.660963845046619
0.1259034802725305,-0.556755327860185,0.14242781488478698
0.6213860512837472,1.0642208483737867,-1.137185500668781
-0.49435591966483616,-0.34672187858216463,-0.18859935880937842
0.17008438155870184,0.4543238079084619,-0.16812479706908903
-0.9675421154545945,0.2494925405222498,-0.8934330922788758
0.9025694204555477,-0.2662009512840223,-0.007354253726995892
0.31251631675684544,-1.3327140823732098,-0.5887002900225631
0.09707255888341082,0.582434719621148,-0.8583866957013282
